Serial No,Name,Price,Rating
1,Shop on eBay,$20.00,5.0 out of 5 stars.
2,Shop on eBay,$20.00,4.5 out of 5 stars.
3,"New ListingOnePlus 10 Pro 5G 128GB/8GB 6.7"" Unlocked  Android Smartphone - Volcanic Black",$282.48,4.5 out of 5 stars.
4,New ListingSamsung Galaxy S20 Plus 5G 128GB/12GB 6.7 Inches Android Smartphone - Black,$175.71,5.0 out of 5 stars.
5,Apple iPhone SE 1st gen(2016)16/32/64/128GB Fully UNLOCKED Gray/Silver/Gold/Pink,$65.99to$115.99,4.5 out of 5 stars.
6,For i16Pro Mini Unlocked Flip Mobile Phone 2 SIM Card Small Display Foldable New,$38.59,4.0 out of 5 stars.
7,New ListingMotorola Moto G Stylus - 128 GB - Green (T-Mobile Metro Total Wireless),$33.00,5.0 out of 5 stars.
8,Docomo SH-04C Flip Phone Q-Pot Biscuit Mobile Cellphone White from Japan,$125.00,4.5 out of 5 stars.
9,Kyocera Au K006 Phone Pink Mobile Japanese Flip Phone Garakei Keitai Retro,$35.05,5.0 out of 5 stars.
10,Motorola Moto Edge (2022) XT2205-1 T-Mobile Unlocked 128GB Grey Good,$89.99,5.0 out of 5 stars.
11,Fujitsu arrows F-03L Docomo SIM unlocked Silver ANDROID mobile phone C,$88.00,4.5 out of 5 stars.
12,au Hitachi W43H II ice pink mobile phone flip phone mockup #QP90ED,$63.43,5.0 out of 5 stars.
13,Mainstays Solar Hummingbird Mobile,$5.99,5.0 out of 5 stars.
14,DOCOMO KY-01L Card Mobile Body Kyocera KY-01L Keitai Compact Mobile Sim unlocked,$155.05,4.0 out of 5 stars.
15,Samsung Galaxy A52 5G - 128GB - Awesome Black (GSM Unlocked) - Pristine,$139.00,5.0 out of 5 stars.
